Designator,Value,Footprint,Mid X,Mid Y,Rotation,Layer
"B2","SW_SPST_SKHLAAA010","SKHLAAA010",50.444400,-122.351800,180.000000,top
"C1","100nF","C_0402_1005Metric",55.527000,-126.314200,180.000000,top
"C2","10uF","C_0402_1005Metric",57.889200,-109.474000,0.000000,top
"C3","100nF","C_0402_1005Metric",66.216734,-136.610333,90.000000,top
"C4","1nF","C_0402_1005Metric",55.628600,-109.474000,180.000000,top
"C6","2.2uF","C_0402_1005Metric",63.610933,-136.689333,90.000000,top
"C7","4.7uF","C_0402_1005Metric",67.473267,-136.638533,90.000000,top
"C8","100nF","C_0402_1005Metric",69.252333,-135.581066,180.000000,top
"C9","100nF","C_0402_1005Metric",69.252333,-134.324533,180.000000,top
"C10","100nF","C_0402_1005Metric",64.960201,-136.638533,-90.000000,top
"C11","1uF","C_0603_1608Metric",77.591200,-136.882400,180.000000,top
"C12","1uF","C_0603_1608Metric",73.202800,-140.817600,0.000000,top
"C14","100nF","C_0603_1608Metric",73.285400,-136.895000,180.000000,top
"C15","100nF","C_0603_1608Metric",73.266000,-138.912600,180.000000,top
"C16","47pF","C_0402_1005Metric",64.465200,-113.312000,-90.000000,top
"C18","100nF","C_0402_1005Metric",65.938400,-113.337400,-90.000000,top
"C19","10pF","C_0402_1005Metric",56.138100,-112.271700,90.000000,top
"C20","100nF","C_0402_1005Metric",67.538600,-113.916400,-90.000000,top
"C21","100nF","C_0402_1005Metric",62.966600,-113.896200,-90.000000,top
"C22","100nF","C_0402_1005Metric",57.150000,-121.795600,-90.000000,top
"C23","1nF","C_0402_1005Metric",69.316600,-122.910600,0.000000,top
"C24","3.3pF","C_0402_1005Metric",64.747200,-107.924600,180.000000,top
"C25","47pF","C_0402_1005Metric",60.807600,-106.962000,90.000000,top
"C26","47pF","C_0402_1005Metric",53.670200,-107.594400,90.000000,top
"C29","8.2pF","C_0402_1005Metric",70.512700,-111.004000,0.000000,top
"C30","3.3pF","C_0402_1005Metric",71.831200,-108.968600,-90.000000,top
"C31","1.5pF","C_0402_1005Metric",67.185600,-107.416600,0.000000,top
"C32","47pF","C_0402_1005Metric",72.468800,-118.668800,0.000000,top
"C33","10nF","C_0402_1005Metric",73.427400,-117.440100,180.000000,top
"C34","8.2pF","C_0402_1005Metric",71.043800,-116.913600,-90.000000,top
"C35","22pF","C_0402_1005Metric",70.513000,-114.274600,0.000000,top
"C36","100nF","C_0402_1005Metric",67.922200,-121.031000,0.000000,top
"C37","47pF","C_0402_1005Metric",67.922200,-119.498000,0.000000,top
"C38","10pF","C_0402_1005Metric",52.698400,-133.020600,90.000000,top
"C39","2.2pF","C_0402_1005Metric",48.126400,-126.716000,180.000000,top
"C40","10pF","C_0402_1005Metric",47.085000,-133.119600,-90.000000,top
"C41","2.2pF","C_0402_1005Metric",48.154400,-129.052800,180.000000,top
"C43","10pF","C_0402_1005Metric",61.649900,-113.409500,90.000000,top
"D1","LED_GREEN_PWR","LED_0603_1608Metric",82.232900,-136.880600,180.000000,top
"D2","LED_GREEN_1","LED_0603_1608Metric",47.228900,-137.274800,0.000000,top
"D3","LED_YELLOW_1","LED_0603_1608Metric",47.228900,-139.882314,0.000000,top
"J1","USB_B_Micro","USB_Micro-B_Molex-105017-0001",81.200000,-129.692400,90.000000,top
"J2","Conn_01x04_Male","PinHeader_1x04_P2.54mm_Vertical",82.753200,-121.996200,-90.000000,top
"J3","IPEX_73412-0114","MOLEX_73412-0114",47.877200,-110.388400,90.000000,top
"J4","Conn_01x06_Male","PinHeader_1x06_P2.54mm_Vertical",55.524400,-140.487400,90.000000,top
"L1","0R","L_0402_1005Metric",51.816000,-107.548600,90.000000,top
"L2","10nH Wire","L_0402_1005Metric",65.178800,-110.820200,0.000000,top
"L4","4.7nH Wire","L_0402_1005Metric",69.619000,-108.483400,0.000000,top
"L5","5.6nH Wire","L_0402_1005Metric",70.572000,-112.649000,180.000000,top
"L6","33nH","L_0402_1005Metric",73.429000,-115.392200,180.000000,top
"L7","2.2nH Wire","L_0402_1005Metric",68.834000,-116.939200,90.000000,top
"Q1","32MHz","Crystal_SMD_2016-4Pin_2.0x1.6mm",58.813900,-113.451700,-90.000000,top
"R1","560","R_0603_1608Metric",75.793600,-127.304800,0.000000,top
"R2","10K","R_0402_1005Metric",57.150000,-124.383800,90.000000,top
"R3","10K","R_0402_1005Metric",54.406800,-127.685800,180.000000,top
"R4","22","R_0402_1005Metric",73.378600,-130.962400,0.000000,top
"R5","22","R_0402_1005Metric",73.378600,-129.057400,0.000000,top
"R6","10K","R_0402_1005Metric",62.344399,-136.709333,90.000000,top
"R7","1k","R_0402_1005Metric",68.277200,-124.561600,0.000000,top
"R8","560","R_0603_1608Metric",82.233000,-140.081000,180.000000,top
"R9","560","R_0603_1608Metric",50.857400,-137.274800,0.000000,top
"R10","560","R_0603_1608Metric",50.857400,-139.859000,0.000000,top
"R13","560","R_0603_1608Metric",73.343000,-133.883400,0.000000,top
"R15","100k","R_0402_1005Metric",72.974200,-126.798800,-90.000000,top
"U1","STM32F411CEU6","QFN-48-1EP_7x7mm_P0.5mm_EP5.6x5.6mm",62.594100,-130.994600,0.000000,top
"U2","AP7340-12FS4-7","VREG_AP7340D-25FS4-7",77.119600,-138.981600,90.000000,top
"U5","PE4259","SOT65P215X110-6N",56.930800,-107.123000,180.000000,top
"U6","SX1276","QFN-28-1EP_6x6mm_P0.65mm_EP4.8x4.8mm",62.549100,-119.366400,-90.000000,top
"Y4","12 MHz (C9002)","Crystal_SMD_3225-4Pin_3.2x2.5mm",49.943400,-133.216000,90.000000,top
"Y5","32.768 kHz","Crystal_SMD_3215-2Pin_3.2x1.5mm",51.047400,-128.240000,90.000000,top
